Copyright 1986-2022 Xilinx, Inc. All Rights Reserved. Copyright 2022-2025 Advanced Micro Devices, Inc. All Rights Reserved.
---------------------------------------------------------------------------------------------------------------------------------------------------------------------------------------------------------------------
| Tool Version : Vivado v.2025.1 (win64) Build 6140274 Thu May 22 00:12:29 MDT 2025
| Date         : Wed Nov  5 09:30:59 2025
| Host         : Mata running 64-bit major release  (build 9200)
| Command      : report_timing_summary -max_paths 10 -routable_nets -report_unconstrained -file top_timing_summary_routed.rpt -pb top_timing_summary_routed.pb -rpx top_timing_summary_routed.rpx -warn_on_violation
| Design       : top
| Device       : 7a200t-fbg676
| Speed File   : -2  PRODUCTION 1.23 2018-06-13
| Design State : Routed
---------------------------------------------------------------------------------------------------------------------------------------------------------------------------------------------------------------------

Timing Summary Report

------------------------------------------------------------------------------------------------
| Timer Settings
| --------------
------------------------------------------------------------------------------------------------

  Enable Multi Corner Analysis               :  Yes
  Enable Pessimism Removal                   :  Yes
  Pessimism Removal Resolution               :  Nearest Common Node
  Enable Input Delay Default Clock           :  No
  Enable Preset / Clear Arcs                 :  No
  Disable Flight Delays                      :  No
  Ignore I/O Paths                           :  No
  Timing Early Launch at Borrowing Latches   :  No
  Borrow Time for Max Delay Exceptions       :  Yes
  Merge Timing Exceptions                    :  Yes
  Inter-SLR Compensation                     :  Conservative

  Corner  Analyze    Analyze    
  Name    Max Paths  Min Paths  
  ------  ---------  ---------  
  Slow    Yes        Yes        
  Fast    Yes        Yes        


------------------------------------------------------------------------------------------------
| Report Methodology
| ------------------
------------------------------------------------------------------------------------------------

Rule       Severity          Description                                     Violations  
---------  ----------------  ----------------------------------------------  ----------  
TIMING-6   Critical Warning  No common primary clock between related clocks  1           
TIMING-7   Critical Warning  No common node between related clocks           1           
TIMING-18  Warning           Missing input or output delay                   6           
XDCB-2     Warning           Clock defined on multiple objects               1           

Note: This report is based on the most recent report_methodology run and may not be up-to-date. Run report_methodology on the current design for the latest report.



check_timing report

Table of Contents
-----------------
1. checking no_clock (0)
2. checking constant_clock (0)
3. checking pulse_width_clock (0)
4. checking unconstrained_internal_endpoints (0)
5. checking no_input_delay (1)
6. checking no_output_delay (3)
7. checking multiple_clock (0)
8. checking generated_clocks (0)
9. checking loops (0)
10. checking partial_input_delay (3)
11. checking partial_output_delay (0)
12. checking latch_loops (0)

1. checking no_clock (0)
------------------------
 There are 0 register/latch pins with no clock.


2. checking constant_clock (0)
------------------------------
 There are 0 register/latch pins with constant_clock.


3. checking pulse_width_clock (0)
---------------------------------
 There are 0 register/latch pins which need pulse_width check


4. checking unconstrained_internal_endpoints (0)
------------------------------------------------
 There are 0 pins that are not constrained for maximum delay.

 There are 0 pins that are not constrained for maximum delay due to constant clock.


5. checking no_input_delay (1)
------------------------------
 There are 0 input ports with no input delay specified.

 There is 1 input port with no input delay but user has a false path constraint. (MEDIUM)


6. checking no_output_delay (3)
-------------------------------
 There are 3 ports with no output delay specified. (HIGH)

 There are 0 ports with no output delay but user has a false path constraint

 There are 0 ports with no output delay but with a timing clock defined on it or propagating through it


7. checking multiple_clock (0)
------------------------------
 There are 0 register/latch pins with multiple clocks.


8. checking generated_clocks (0)
--------------------------------
 There are 0 generated clocks that are not connected to a clock source.


9. checking loops (0)
---------------------
 There are 0 combinational loops in the design.


10. checking partial_input_delay (3)
------------------------------------
 There are 3 input ports with partial input delay specified. (HIGH)


11. checking partial_output_delay (0)
-------------------------------------
 There are 0 ports with partial output delay specified.


12. checking latch_loops (0)
----------------------------
 There are 0 combinational latch loops in the design through latch input



------------------------------------------------------------------------------------------------
| Design Timing Summary
| ---------------------
------------------------------------------------------------------------------------------------

    WNS(ns)      TNS(ns)  TNS Failing Endpoints  TNS Total Endpoints      WHS(ns)      THS(ns)  THS Failing Endpoints  THS Total Endpoints     WPWS(ns)     TPWS(ns)  TPWS Failing Endpoints  TPWS Total Endpoints  
    -------      -------  ---------------------  -------------------      -------      -------  ---------------------  -------------------     --------     --------  ----------------------  --------------------  
      2.469        0.000                      0                    5        0.059        0.000                      0                    4        2.000        0.000                       0                     6  


All user specified timing constraints are met.


------------------------------------------------------------------------------------------------
| Clock Summary
| -------------
------------------------------------------------------------------------------------------------

Clock        Waveform(ns)         Period(ns)      Frequency(MHz)
-----        ------------         ----------      --------------
sys_clk      {0.000 2.500}        5.000           200.000         
virtual_clk  {0.000 5.000}        10.000          100.000         


------------------------------------------------------------------------------------------------
| Intra Clock Table
| -----------------
------------------------------------------------------------------------------------------------

Clock             WNS(ns)      TNS(ns)  TNS Failing Endpoints  TNS Total Endpoints      WHS(ns)      THS(ns)  THS Failing Endpoints  THS Total Endpoints     WPWS(ns)     TPWS(ns)  TPWS Failing Endpoints  TPWS Total Endpoints  
-----             -------      -------  ---------------------  -------------------      -------      -------  ---------------------  -------------------     --------     --------  ----------------------  --------------------  
sys_clk             2.469        0.000                      0                    4        0.127        0.000                      0                    4        2.000        0.000                       0                     6  


------------------------------------------------------------------------------------------------
| Inter Clock Table
| -----------------
------------------------------------------------------------------------------------------------

From Clock    To Clock          WNS(ns)      TNS(ns)  TNS Failing Endpoints  TNS Total Endpoints      WHS(ns)      THS(ns)  THS Failing Endpoints  THS Total Endpoints  
----------    --------          -------      -------  ---------------------  -------------------      -------      -------  ---------------------  -------------------  
virtual_clk   sys_clk             3.469        0.000                      0                    4        0.059        0.000                      0                    3  


------------------------------------------------------------------------------------------------
| Other Path Groups Table
| -----------------------
------------------------------------------------------------------------------------------------

Path Group    From Clock    To Clock          WNS(ns)      TNS(ns)  TNS Failing Endpoints  TNS Total Endpoints      WHS(ns)      THS(ns)  THS Failing Endpoints  THS Total Endpoints  
----------    ----------    --------          -------      -------  ---------------------  -------------------      -------      -------  ---------------------  -------------------  


------------------------------------------------------------------------------------------------
| User Ignored Path Table
| -----------------------
------------------------------------------------------------------------------------------------

Path Group    From Clock    To Clock    
----------    ----------    --------    
(none)                      sys_clk       


------------------------------------------------------------------------------------------------
| Unconstrained Path Table
| ------------------------
------------------------------------------------------------------------------------------------

Path Group    From Clock    To Clock    
----------    ----------    --------    
(none)        sys_clk                     


------------------------------------------------------------------------------------------------
| Timing Details
| --------------
------------------------------------------------------------------------------------------------


---------------------------------------------------------------------------------------------------
From Clock:  sys_clk
  To Clock:  sys_clk

Setup :            0  Failing Endpoints,  Worst Slack        2.469ns,  Total Violation        0.000ns
Hold  :            0  Failing Endpoints,  Worst Slack        0.127ns,  Total Violation        0.000ns
PW    :            0  Failing Endpoints,  Worst Slack        2.000ns,  Total Violation        0.000ns
---------------------------------------------------------------------------------------------------


Max Delay Paths
--------------------------------------------------------------------------------------
Slack (MET) :             2.469ns  (required time - arrival time)
  Source:                 a[0]
                            (input port clocked by sys_clk  {rise@0.000ns fall@2.500ns period=5.000ns})
  Destination:            FFsum1/q_reg/D
                            (rising edge-triggered cell FDCE clocked by sys_clk  {rise@0.000ns fall@2.500ns period=5.000ns})
  Path Group:             sys_clk
  Path Type:              Setup (Max at Slow Process Corner)
  Requirement:            5.000ns  (sys_clk rise@5.000ns - sys_clk rise@0.000ns)
  Data Path Delay:        5.561ns  (logic 0.957ns (17.215%)  route 4.604ns (82.785%))
  Logic Levels:           2  (IBUF=1 LUT3=1)
  Input Delay:            1.000ns
  Clock Path Skew:        4.034ns (DCD - SCD + CPR)
    Destination Clock Delay (DCD):    4.034ns = ( 9.034 - 5.000 ) 
    Source Clock Delay      (SCD):    0.000ns
    Clock Pessimism Removal (CPR):    0.000ns
  Clock Uncertainty:      0.035ns  ((TSJ^2 + TIJ^2)^1/2 + DJ) / 2 + PE
    Total System Jitter     (TSJ):    0.071ns
    Total Input Jitter      (TIJ):    0.000ns
    Discrete Jitter          (DJ):    0.000ns
    Phase Error              (PE):    0.000ns

    Location             Delay type                Incr(ns)  Path(ns)    Netlist Resource(s)
  -------------------------------------------------------------------    -------------------
                         (clock sys_clk rise edge)    0.000     0.000 r  
                         input delay                  1.000     1.000    
    R18                                               0.000     1.000 r  a[0] (IN)
                         net (fo=0)                   0.000     1.000    a[0]
    R18                  IBUF (Prop_ibuf_I_O)         0.852     1.852 r  a_IBUF[0]_inst/O
                         net (fo=2, routed)           4.604     6.456    FFsum1/a_IBUF[0]
    SLICE_X0Y104         LUT3 (Prop_lut3_I1_O)        0.105     6.561 r  FFsum1/q_i_1__0/O
                         net (fo=1, routed)           0.000     6.561    FFsum1/s
    SLICE_X0Y104         FDCE                                         r  FFsum1/q_reg/D
  -------------------------------------------------------------------    -------------------

                         (clock sys_clk rise edge)    5.000     5.000 r  
    L22                                               0.000     5.000 r  clk (IN)
                         net (fo=0)                   0.000     5.000    clk
    L22                  IBUF (Prop_ibuf_I_O)         0.762     5.762 r  clk_IBUF_inst/O
                         net (fo=1, routed)           1.734     7.496    clk_IBUF
    BUFGCTRL_X0Y0        BUFG (Prop_bufg_I_O)         0.077     7.573 r  clk_IBUF_BUFG_inst/O
                         net (fo=5, routed)           1.461     9.034    FFsum1/clk_IBUF_BUFG
    SLICE_X0Y104         FDCE                                         r  FFsum1/q_reg/C
                         clock pessimism              0.000     9.034    
                         clock uncertainty           -0.035     8.999    
    SLICE_X0Y104         FDCE (Setup_fdce_C_D)        0.032     9.031    FFsum1/q_reg
  -------------------------------------------------------------------
                         required time                          9.031    
                         arrival time                          -6.561    
  -------------------------------------------------------------------
                         slack                                  2.469    

Slack (MET) :             2.541ns  (required time - arrival time)
  Source:                 a[1]
                            (input port clocked by sys_clk  {rise@0.000ns fall@2.500ns period=5.000ns})
  Destination:            FFa1/q_reg/D
                            (rising edge-triggered cell FDCE clocked by sys_clk  {rise@0.000ns fall@2.500ns period=5.000ns})
  Path Group:             sys_clk
  Path Type:              Setup (Max at Slow Process Corner)
  Requirement:            5.000ns  (sys_clk rise@5.000ns - sys_clk rise@0.000ns)
  Data Path Delay:        5.411ns  (logic 0.896ns (16.567%)  route 4.514ns (83.433%))
  Logic Levels:           1  (IBUF=1)
  Input Delay:            1.000ns
  Clock Path Skew:        4.034ns (DCD - SCD + CPR)
    Destination Clock Delay (DCD):    4.034ns = ( 9.034 - 5.000 ) 
    Source Clock Delay      (SCD):    0.000ns
    Clock Pessimism Removal (CPR):    0.000ns
  Clock Uncertainty:      0.035ns  ((TSJ^2 + TIJ^2)^1/2 + DJ) / 2 + PE
    Total System Jitter     (TSJ):    0.071ns
    Total Input Jitter      (TIJ):    0.000ns
    Discrete Jitter          (DJ):    0.000ns
    Phase Error              (PE):    0.000ns

    Location             Delay type                Incr(ns)  Path(ns)    Netlist Resource(s)
  -------------------------------------------------------------------    -------------------
                         (clock sys_clk rise edge)    0.000     0.000 r  
                         input delay                  1.000     1.000    
    R23                                               0.000     1.000 r  a[1] (IN)
                         net (fo=0)                   0.000     1.000    a[1]
    R23                  IBUF (Prop_ibuf_I_O)         0.896     1.896 r  a_IBUF[1]_inst/O
                         net (fo=1, routed)           4.514     6.411    FFa1/I1[0]
    SLICE_X1Y104         FDCE                                         r  FFa1/q_reg/D
  -------------------------------------------------------------------    -------------------

                         (clock sys_clk rise edge)    5.000     5.000 r  
    L22                                               0.000     5.000 r  clk (IN)
                         net (fo=0)                   0.000     5.000    clk
    L22                  IBUF (Prop_ibuf_I_O)         0.762     5.762 r  clk_IBUF_inst/O
                         net (fo=1, routed)           1.734     7.496    clk_IBUF
    BUFGCTRL_X0Y0        BUFG (Prop_bufg_I_O)         0.077     7.573 r  clk_IBUF_BUFG_inst/O
                         net (fo=5, routed)           1.461     9.034    FFa1/clk_IBUF_BUFG
    SLICE_X1Y104         FDCE                                         r  FFa1/q_reg/C
                         clock pessimism              0.000     9.034    
                         clock uncertainty           -0.035     8.999    
    SLICE_X1Y104         FDCE (Setup_fdce_C_D)       -0.047     8.952    FFa1/q_reg
  -------------------------------------------------------------------
                         required time                          8.952    
                         arrival time                          -6.411    
  -------------------------------------------------------------------
                         slack                                  2.541    

Slack (MET) :             2.583ns  (required time - arrival time)
  Source:                 a[0]
                            (input port clocked by sys_clk  {rise@0.000ns fall@2.500ns period=5.000ns})
  Destination:            FFcarry/q_reg/D
                            (rising edge-triggered cell FDCE clocked by sys_clk  {rise@0.000ns fall@2.500ns period=5.000ns})
  Path Group:             sys_clk
  Path Type:              Setup (Max at Slow Process Corner)
  Requirement:            5.000ns  (sys_clk rise@5.000ns - sys_clk rise@0.000ns)
  Data Path Delay:        5.446ns  (logic 0.957ns (17.580%)  route 4.488ns (82.420%))
  Logic Levels:           2  (IBUF=1 LUT3=1)
  Input Delay:            1.000ns
  Clock Path Skew:        4.034ns (DCD - SCD + CPR)
    Destination Clock Delay (DCD):    4.034ns = ( 9.034 - 5.000 ) 
    Source Clock Delay      (SCD):    0.000ns
    Clock Pessimism Removal (CPR):    0.000ns
  Clock Uncertainty:      0.035ns  ((TSJ^2 + TIJ^2)^1/2 + DJ) / 2 + PE
    Total System Jitter     (TSJ):    0.071ns
    Total Input Jitter      (TIJ):    0.000ns
    Discrete Jitter          (DJ):    0.000ns
    Phase Error              (PE):    0.000ns

    Location             Delay type                Incr(ns)  Path(ns)    Netlist Resource(s)
  -------------------------------------------------------------------    -------------------
                         (clock sys_clk rise edge)    0.000     0.000 r  
                         input delay                  1.000     1.000    
    R18                                               0.000     1.000 r  a[0] (IN)
                         net (fo=0)                   0.000     1.000    a[0]
    R18                  IBUF (Prop_ibuf_I_O)         0.852     1.852 r  a_IBUF[0]_inst/O
                         net (fo=2, routed)           4.488     6.341    FA_0/a_IBUF[0]
    SLICE_X0Y104         LUT3 (Prop_lut3_I2_O)        0.105     6.446 r  FA_0/cout__0/O
                         net (fo=1, routed)           0.000     6.446    FFcarry/cout
    SLICE_X0Y104         FDCE                                         r  FFcarry/q_reg/D
  -------------------------------------------------------------------    -------------------

                         (clock sys_clk rise edge)    5.000     5.000 r  
    L22                                               0.000     5.000 r  clk (IN)
                         net (fo=0)                   0.000     5.000    clk
    L22                  IBUF (Prop_ibuf_I_O)         0.762     5.762 r  clk_IBUF_inst/O
                         net (fo=1, routed)           1.734     7.496    clk_IBUF
    BUFGCTRL_X0Y0        BUFG (Prop_bufg_I_O)         0.077     7.573 r  clk_IBUF_BUFG_inst/O
                         net (fo=5, routed)           1.461     9.034    FFcarry/clk_IBUF_BUFG
    SLICE_X0Y104         FDCE                                         r  FFcarry/q_reg/C
                         clock pessimism              0.000     9.034    
                         clock uncertainty           -0.035     8.999    
    SLICE_X0Y104         FDCE (Setup_fdce_C_D)        0.030     9.029    FFcarry/q_reg
  -------------------------------------------------------------------
                         required time                          9.029    
                         arrival time                          -6.446    
  -------------------------------------------------------------------
                         slack                                  2.583    

Slack (MET) :             4.396ns  (required time - arrival time)
  Source:                 FFsum1/q_reg/C
                            (rising edge-triggered cell FDCE clocked by sys_clk  {rise@0.000ns fall@2.500ns period=5.000ns})
  Destination:            FFsum2/q_reg/D
                            (rising edge-triggered cell FDCE clocked by sys_clk  {rise@0.000ns fall@2.500ns period=5.000ns})
  Path Group:             sys_clk
  Path Type:              Setup (Max at Slow Process Corner)
  Requirement:            5.000ns  (sys_clk rise@5.000ns - sys_clk rise@0.000ns)
  Data Path Delay:        0.525ns  (logic 0.379ns (72.186%)  route 0.146ns (27.814%))
  Logic Levels:           0  
  Clock Path Skew:        0.000ns (DCD - SCD + CPR)
    Destination Clock Delay (DCD):    4.034ns = ( 9.034 - 5.000 ) 
    Source Clock Delay      (SCD):    4.369ns
    Clock Pessimism Removal (CPR):    0.336ns
  Clock Uncertainty:      0.035ns  ((TSJ^2 + TIJ^2)^1/2 + DJ) / 2 + PE
    Total System Jitter     (TSJ):    0.071ns
    Total Input Jitter      (TIJ):    0.000ns
    Discrete Jitter          (DJ):    0.000ns
    Phase Error              (PE):    0.000ns

    Location             Delay type                Incr(ns)  Path(ns)    Netlist Resource(s)
  -------------------------------------------------------------------    -------------------
                         (clock sys_clk rise edge)    0.000     0.000 r  
    L22                                               0.000     0.000 r  clk (IN)
                         net (fo=0)                   0.000     0.000    clk
    L22                  IBUF (Prop_ibuf_I_O)         0.893     0.893 r  clk_IBUF_inst/O
                         net (fo=1, routed)           1.827     2.720    clk_IBUF
    BUFGCTRL_X0Y0        BUFG (Prop_bufg_I_O)         0.081     2.801 r  clk_IBUF_BUFG_inst/O
                         net (fo=5, routed)           1.569     4.369    FFsum1/clk_IBUF_BUFG
    SLICE_X0Y104         FDCE                                         r  FFsum1/q_reg/C
  -------------------------------------------------------------------    -------------------
    SLICE_X0Y104         FDCE (Prop_fdce_C_Q)         0.379     4.748 r  FFsum1/q_reg/Q
                         net (fo=1, routed)           0.146     4.894    FFsum2/q
    SLICE_X0Y104         FDCE                                         r  FFsum2/q_reg/D
  -------------------------------------------------------------------    -------------------

                         (clock sys_clk rise edge)    5.000     5.000 r  
    L22                                               0.000     5.000 r  clk (IN)
                         net (fo=0)                   0.000     5.000    clk
    L22                  IBUF (Prop_ibuf_I_O)         0.762     5.762 r  clk_IBUF_inst/O
                         net (fo=1, routed)           1.734     7.496    clk_IBUF
    BUFGCTRL_X0Y0        BUFG (Prop_bufg_I_O)         0.077     7.573 r  clk_IBUF_BUFG_inst/O
                         net (fo=5, routed)           1.461     9.034    FFsum2/clk_IBUF_BUFG
    SLICE_X0Y104         FDCE                                         r  FFsum2/q_reg/C
                         clock pessimism              0.336     9.369    
                         clock uncertainty           -0.035     9.334    
    SLICE_X0Y104         FDCE (Setup_fdce_C_D)       -0.044     9.290    FFsum2/q_reg
  -------------------------------------------------------------------
                         required time                          9.290    
                         arrival time                          -4.894    
  -------------------------------------------------------------------
                         slack                                  4.396    





Min Delay Paths
--------------------------------------------------------------------------------------
Slack (MET) :             0.127ns  (arrival time - required time)
  Source:                 FFsum1/q_reg/C
                            (rising edge-triggered cell FDCE clocked by sys_clk  {rise@0.000ns fall@2.500ns period=5.000ns})
  Destination:            FFsum2/q_reg/D
                            (rising edge-triggered cell FDCE clocked by sys_clk  {rise@0.000ns fall@2.500ns period=5.000ns})
  Path Group:             sys_clk
  Path Type:              Hold (Min at Fast Process Corner)
  Requirement:            0.000ns  (sys_clk rise@0.000ns - sys_clk rise@0.000ns)
  Data Path Delay:        0.198ns  (logic 0.141ns (71.201%)  route 0.057ns (28.799%))
  Logic Levels:           0  
  Clock Path Skew:        0.000ns (DCD - SCD - CPR)
    Destination Clock Delay (DCD):    2.086ns
    Source Clock Delay      (SCD):    1.560ns
    Clock Pessimism Removal (CPR):    0.525ns

    Location             Delay type                Incr(ns)  Path(ns)    Netlist Resource(s)
  -------------------------------------------------------------------    -------------------
                         (clock sys_clk rise edge)    0.000     0.000 r  
    L22                                               0.000     0.000 r  clk (IN)
                         net (fo=0)                   0.000     0.000    clk
    L22                  IBUF (Prop_ibuf_I_O)         0.190     0.190 r  clk_IBUF_inst/O
                         net (fo=1, routed)           0.690     0.880    clk_IBUF
    BUFGCTRL_X0Y0        BUFG (Prop_bufg_I_O)         0.026     0.906 r  clk_IBUF_BUFG_inst/O
                         net (fo=5, routed)           0.655     1.560    FFsum1/clk_IBUF_BUFG
    SLICE_X0Y104         FDCE                                         r  FFsum1/q_reg/C
  -------------------------------------------------------------------    -------------------
    SLICE_X0Y104         FDCE (Prop_fdce_C_Q)         0.141     1.701 r  FFsum1/q_reg/Q
                         net (fo=1, routed)           0.057     1.758    FFsum2/q
    SLICE_X0Y104         FDCE                                         r  FFsum2/q_reg/D
  -------------------------------------------------------------------    -------------------

                         (clock sys_clk rise edge)    0.000     0.000 r  
    L22                                               0.000     0.000 r  clk (IN)
                         net (fo=0)                   0.000     0.000    clk
    L22                  IBUF (Prop_ibuf_I_O)         0.378     0.378 r  clk_IBUF_inst/O
                         net (fo=1, routed)           0.750     1.128    clk_IBUF
    BUFGCTRL_X0Y0        BUFG (Prop_bufg_I_O)         0.029     1.157 r  clk_IBUF_BUFG_inst/O
                         net (fo=5, routed)           0.929     2.086    FFsum2/clk_IBUF_BUFG
    SLICE_X0Y104         FDCE                                         r  FFsum2/q_reg/C
                         clock pessimism             -0.525     1.560    
    SLICE_X0Y104         FDCE (Hold_fdce_C_D)         0.071     1.631    FFsum2/q_reg
  -------------------------------------------------------------------
                         required time                         -1.631    
                         arrival time                           1.758    
  -------------------------------------------------------------------
                         slack                                  0.127    

Slack (MET) :             0.559ns  (arrival time - required time)
  Source:                 a[0]
                            (input port clocked by sys_clk  {rise@0.000ns fall@2.500ns period=5.000ns})
  Destination:            FFcarry/q_reg/D
                            (rising edge-triggered cell FDCE clocked by sys_clk  {rise@0.000ns fall@2.500ns period=5.000ns})
  Path Group:             sys_clk
  Path Type:              Hold (Min at Slow Process Corner)
  Requirement:            0.000ns  (sys_clk rise@0.000ns - sys_clk rise@0.000ns)
  Data Path Delay:        4.683ns  (logic 0.806ns (17.208%)  route 3.877ns (82.792%))
  Logic Levels:           2  (IBUF=1 LUT3=1)
  Input Delay:            0.500ns
  Clock Path Skew:        4.369ns (DCD - SCD - CPR)
    Destination Clock Delay (DCD):    4.369ns
    Source Clock Delay      (SCD):    0.000ns
    Clock Pessimism Removal (CPR):    -0.000ns
  Clock Uncertainty:      0.035ns  ((TSJ^2 + TIJ^2)^1/2 + DJ) / 2 + PE
    Total System Jitter     (TSJ):    0.071ns
    Total Input Jitter      (TIJ):    0.000ns
    Discrete Jitter          (DJ):    0.000ns
    Phase Error              (PE):    0.000ns

    Location             Delay type                Incr(ns)  Path(ns)    Netlist Resource(s)
  -------------------------------------------------------------------    -------------------
                         (clock sys_clk rise edge)    0.000     0.000 r  
                         input delay                  0.500     0.500    
    R18                                               0.000     0.500 r  a[0] (IN)
                         net (fo=0)                   0.000     0.500    a[0]
    R18                  IBUF (Prop_ibuf_I_O)         0.722     1.222 r  a_IBUF[0]_inst/O
                         net (fo=2, routed)           3.877     5.099    FA_0/a_IBUF[0]
    SLICE_X0Y104         LUT3 (Prop_lut3_I2_O)        0.084     5.183 r  FA_0/cout__0/O
                         net (fo=1, routed)           0.000     5.183    FFcarry/cout
    SLICE_X0Y104         FDCE                                         r  FFcarry/q_reg/D
  -------------------------------------------------------------------    -------------------

                         (clock sys_clk rise edge)    0.000     0.000 r  
    L22                                               0.000     0.000 r  clk (IN)
                         net (fo=0)                   0.000     0.000    clk
    L22                  IBUF (Prop_ibuf_I_O)         0.893     0.893 r  clk_IBUF_inst/O
                         net (fo=1, routed)           1.827     2.720    clk_IBUF
    BUFGCTRL_X0Y0        BUFG (Prop_bufg_I_O)         0.081     2.801 r  clk_IBUF_BUFG_inst/O
                         net (fo=5, routed)           1.569     4.369    FFcarry/clk_IBUF_BUFG
    SLICE_X0Y104         FDCE                                         r  FFcarry/q_reg/C
                         clock pessimism              0.000     4.369    
                         clock uncertainty            0.035     4.405    
    SLICE_X0Y104         FDCE (Hold_fdce_C_D)         0.220     4.625    FFcarry/q_reg
  -------------------------------------------------------------------
                         required time                         -4.625    
                         arrival time                           5.183    
  -------------------------------------------------------------------
                         slack                                  0.559    

Slack (MET) :             0.612ns  (arrival time - required time)
  Source:                 a[1]
                            (input port clocked by sys_clk  {rise@0.000ns fall@2.500ns period=5.000ns})
  Destination:            FFa1/q_reg/D
                            (rising edge-triggered cell FDCE clocked by sys_clk  {rise@0.000ns fall@2.500ns period=5.000ns})
  Path Group:             sys_clk
  Path Type:              Hold (Min at Slow Process Corner)
  Requirement:            0.000ns  (sys_clk rise@0.000ns - sys_clk rise@0.000ns)
  Data Path Delay:        4.675ns  (logic 0.765ns (16.375%)  route 3.909ns (83.625%))
  Logic Levels:           1  (IBUF=1)
  Input Delay:            0.500ns
  Clock Path Skew:        4.369ns (DCD - SCD - CPR)
    Destination Clock Delay (DCD):    4.369ns
    Source Clock Delay      (SCD):    0.000ns
    Clock Pessimism Removal (CPR):    -0.000ns
  Clock Uncertainty:      0.035ns  ((TSJ^2 + TIJ^2)^1/2 + DJ) / 2 + PE
    Total System Jitter     (TSJ):    0.071ns
    Total Input Jitter      (TIJ):    0.000ns
    Discrete Jitter          (DJ):    0.000ns
    Phase Error              (PE):    0.000ns

    Location             Delay type                Incr(ns)  Path(ns)    Netlist Resource(s)
  -------------------------------------------------------------------    -------------------
                         (clock sys_clk rise edge)    0.000     0.000 r  
                         input delay                  0.500     0.500    
    R23                                               0.000     0.500 r  a[1] (IN)
                         net (fo=0)                   0.000     0.500    a[1]
    R23                  IBUF (Prop_ibuf_I_O)         0.765     1.265 r  a_IBUF[1]_inst/O
                         net (fo=1, routed)           3.909     5.175    FFa1/I1[0]
    SLICE_X1Y104         FDCE                                         r  FFa1/q_reg/D
  -------------------------------------------------------------------    -------------------

                         (clock sys_clk rise edge)    0.000     0.000 r  
    L22                                               0.000     0.000 r  clk (IN)
                         net (fo=0)                   0.000     0.000    clk
    L22                  IBUF (Prop_ibuf_I_O)         0.893     0.893 r  clk_IBUF_inst/O
                         net (fo=1, routed)           1.827     2.720    clk_IBUF
    BUFGCTRL_X0Y0        BUFG (Prop_bufg_I_O)         0.081     2.801 r  clk_IBUF_BUFG_inst/O
                         net (fo=5, routed)           1.569     4.369    FFa1/clk_IBUF_BUFG
    SLICE_X1Y104         FDCE                                         r  FFa1/q_reg/C
                         clock pessimism              0.000     4.369    
                         clock uncertainty            0.035     4.405    
    SLICE_X1Y104         FDCE (Hold_fdce_C_D)         0.158     4.563    FFa1/q_reg
  -------------------------------------------------------------------
                         required time                         -4.563    
                         arrival time                           5.175    
  -------------------------------------------------------------------
                         slack                                  0.612    

Slack (MET) :             0.654ns  (arrival time - required time)
  Source:                 a[0]
                            (input port clocked by sys_clk  {rise@0.000ns fall@2.500ns period=5.000ns})
  Destination:            FFsum1/q_reg/D
                            (rising edge-triggered cell FDCE clocked by sys_clk  {rise@0.000ns fall@2.500ns period=5.000ns})
  Path Group:             sys_clk
  Path Type:              Hold (Min at Slow Process Corner)
  Requirement:            0.000ns  (sys_clk rise@0.000ns - sys_clk rise@0.000ns)
  Data Path Delay:        4.781ns  (logic 0.806ns (16.858%)  route 3.975ns (83.142%))
  Logic Levels:           2  (IBUF=1 LUT3=1)
  Input Delay:            0.500ns
  Clock Path Skew:        4.369ns (DCD - SCD - CPR)
    Destination Clock Delay (DCD):    4.369ns
    Source Clock Delay      (SCD):    0.000ns
    Clock Pessimism Removal (CPR):    -0.000ns
  Clock Uncertainty:      0.035ns  ((TSJ^2 + TIJ^2)^1/2 + DJ) / 2 + PE
    Total System Jitter     (TSJ):    0.071ns
    Total Input Jitter      (TIJ):    0.000ns
    Discrete Jitter          (DJ):    0.000ns
    Phase Error              (PE):    0.000ns

    Location             Delay type                Incr(ns)  Path(ns)    Netlist Resource(s)
  -------------------------------------------------------------------    -------------------
                         (clock sys_clk rise edge)    0.000     0.000 r  
                         input delay                  0.500     0.500    
    R18                                               0.000     0.500 r  a[0] (IN)
                         net (fo=0)                   0.000     0.500    a[0]
    R18                  IBUF (Prop_ibuf_I_O)         0.722     1.222 r  a_IBUF[0]_inst/O
                         net (fo=2, routed)           3.975     5.197    FFsum1/a_IBUF[0]
    SLICE_X0Y104         LUT3 (Prop_lut3_I1_O)        0.084     5.281 r  FFsum1/q_i_1__0/O
                         net (fo=1, routed)           0.000     5.281    FFsum1/s
    SLICE_X0Y104         FDCE                                         r  FFsum1/q_reg/D
  -------------------------------------------------------------------    -------------------

                         (clock sys_clk rise edge)    0.000     0.000 r  
    L22                                               0.000     0.000 r  clk (IN)
                         net (fo=0)                   0.000     0.000    clk
    L22                  IBUF (Prop_ibuf_I_O)         0.893     0.893 r  clk_IBUF_inst/O
                         net (fo=1, routed)           1.827     2.720    clk_IBUF
    BUFGCTRL_X0Y0        BUFG (Prop_bufg_I_O)         0.081     2.801 r  clk_IBUF_BUFG_inst/O
                         net (fo=5, routed)           1.569     4.369    FFsum1/clk_IBUF_BUFG
    SLICE_X0Y104         FDCE                                         r  FFsum1/q_reg/C
                         clock pessimism              0.000     4.369    
                         clock uncertainty            0.035     4.405    
    SLICE_X0Y104         FDCE (Hold_fdce_C_D)         0.222     4.627    FFsum1/q_reg
  -------------------------------------------------------------------
                         required time                         -4.627    
                         arrival time                           5.281    
  -------------------------------------------------------------------
                         slack                                  0.654    





Pulse Width Checks
--------------------------------------------------------------------------------------
Clock Name:         sys_clk
Waveform(ns):       { 0.000 2.500 }
Period(ns):         5.000
Sources:            { clk }

Check Type        Corner  Lib Pin  Reference Pin  Required(ns)  Actual(ns)  Slack(ns)  Location       Pin
Min Period        n/a     BUFG/I   n/a            1.592         5.000       3.408      BUFGCTRL_X0Y0  clk_IBUF_BUFG_inst/I
Min Period        n/a     FDCE/C   n/a            1.000         5.000       4.000      SLICE_X1Y104   FFa1/q_reg/C
Min Period        n/a     FDCE/C   n/a            1.000         5.000       4.000      SLICE_X0Y104   FFb1/q_reg/C
Min Period        n/a     FDCE/C   n/a            1.000         5.000       4.000      SLICE_X0Y104   FFcarry/q_reg/C
Min Period        n/a     FDCE/C   n/a            1.000         5.000       4.000      SLICE_X0Y104   FFsum1/q_reg/C
Min Period        n/a     FDCE/C   n/a            1.000         5.000       4.000      SLICE_X0Y104   FFsum2/q_reg/C
Low Pulse Width   Slow    FDCE/C   n/a            0.500         2.500       2.000      SLICE_X1Y104   FFa1/q_reg/C
Low Pulse Width   Fast    FDCE/C   n/a            0.500         2.500       2.000      SLICE_X1Y104   FFa1/q_reg/C
Low Pulse Width   Slow    FDCE/C   n/a            0.500         2.500       2.000      SLICE_X0Y104   FFb1/q_reg/C
Low Pulse Width   Fast    FDCE/C   n/a            0.500         2.500       2.000      SLICE_X0Y104   FFb1/q_reg/C
Low Pulse Width   Slow    FDCE/C   n/a            0.500         2.500       2.000      SLICE_X0Y104   FFcarry/q_reg/C
Low Pulse Width   Fast    FDCE/C   n/a            0.500         2.500       2.000      SLICE_X0Y104   FFcarry/q_reg/C
Low Pulse Width   Slow    FDCE/C   n/a            0.500         2.500       2.000      SLICE_X0Y104   FFsum1/q_reg/C
Low Pulse Width   Fast    FDCE/C   n/a            0.500         2.500       2.000      SLICE_X0Y104   FFsum1/q_reg/C
Low Pulse Width   Slow    FDCE/C   n/a            0.500         2.500       2.000      SLICE_X0Y104   FFsum2/q_reg/C
Low Pulse Width   Fast    FDCE/C   n/a            0.500         2.500       2.000      SLICE_X0Y104   FFsum2/q_reg/C
High Pulse Width  Slow    FDCE/C   n/a            0.500         2.500       2.000      SLICE_X1Y104   FFa1/q_reg/C
High Pulse Width  Fast    FDCE/C   n/a            0.500         2.500       2.000      SLICE_X1Y104   FFa1/q_reg/C
High Pulse Width  Slow    FDCE/C   n/a            0.500         2.500       2.000      SLICE_X0Y104   FFb1/q_reg/C
High Pulse Width  Fast    FDCE/C   n/a            0.500         2.500       2.000      SLICE_X0Y104   FFb1/q_reg/C
High Pulse Width  Slow    FDCE/C   n/a            0.500         2.500       2.000      SLICE_X0Y104   FFcarry/q_reg/C
High Pulse Width  Fast    FDCE/C   n/a            0.500         2.500       2.000      SLICE_X0Y104   FFcarry/q_reg/C
High Pulse Width  Slow    FDCE/C   n/a            0.500         2.500       2.000      SLICE_X0Y104   FFsum1/q_reg/C
High Pulse Width  Fast    FDCE/C   n/a            0.500         2.500       2.000      SLICE_X0Y104   FFsum1/q_reg/C
High Pulse Width  Slow    FDCE/C   n/a            0.500         2.500       2.000      SLICE_X0Y104   FFsum2/q_reg/C
High Pulse Width  Fast    FDCE/C   n/a            0.500         2.500       2.000      SLICE_X0Y104   FFsum2/q_reg/C



---------------------------------------------------------------------------------------------------
From Clock:  virtual_clk
  To Clock:  sys_clk

Setup :            0  Failing Endpoints,  Worst Slack        3.469ns,  Total Violation        0.000ns
Hold  :            0  Failing Endpoints,  Worst Slack        0.059ns,  Total Violation        0.000ns
---------------------------------------------------------------------------------------------------


Max Delay Paths
--------------------------------------------------------------------------------------
Slack (MET) :             3.469ns  (required time - arrival time)
  Source:                 a[0]
                            (clock source 'virtual_clk'  {rise@0.000ns fall@5.000ns period=10.000ns})
  Destination:            FFsum1/q_reg/D
                            (rising edge-triggered cell FDCE clocked by sys_clk  {rise@0.000ns fall@2.500ns period=5.000ns})
  Path Group:             sys_clk
  Path Type:              Setup (Max at Slow Process Corner)
  Requirement:            5.000ns  (sys_clk rise@5.000ns - virtual_clk rise@0.000ns)
  Data Path Delay:        5.561ns  (logic 0.957ns (17.215%)  route 4.604ns (82.785%))
  Logic Levels:           2  (IBUF=1 LUT3=1)
  Clock Path Skew:        4.034ns (DCD - SCD + CPR)
    Destination Clock Delay (DCD):    4.034ns = ( 9.034 - 5.000 ) 
    Source Clock Delay      (SCD):    0.000ns
    Clock Pessimism Removal (CPR):    0.000ns
  Clock Uncertainty:      0.035ns  ((TSJ^2 + TIJ^2)^1/2 + DJ) / 2 + PE
    Total System Jitter     (TSJ):    0.071ns
    Total Input Jitter      (TIJ):    0.000ns
    Discrete Jitter          (DJ):    0.000ns
    Phase Error              (PE):    0.000ns
  Clock Domain Crossing:  Inter clock paths are considered valid unless explicitly excluded by timing constraints such as set_clock_groups or set_false_path.

    Location             Delay type                Incr(ns)  Path(ns)    Netlist Resource(s)
  -------------------------------------------------------------------    -------------------
                         (clock virtual_clk rise edge)
                                                      0.000     0.000 r  
    R18                                               0.000     0.000 r  a[0] (IN)
                         net (fo=0)                   0.000     0.000    a[0]
    R18                  IBUF (Prop_ibuf_I_O)         0.852     0.852 r  a_IBUF[0]_inst/O
                         net (fo=2, routed)           4.604     5.456    FFsum1/a_IBUF[0]
    SLICE_X0Y104         LUT3 (Prop_lut3_I1_O)        0.105     5.561 r  FFsum1/q_i_1__0/O
                         net (fo=1, routed)           0.000     5.561    FFsum1/s
    SLICE_X0Y104         FDCE                                         r  FFsum1/q_reg/D
  -------------------------------------------------------------------    -------------------

                         (clock sys_clk rise edge)    5.000     5.000 r  
    L22                                               0.000     5.000 r  clk (IN)
                         net (fo=0)                   0.000     5.000    clk
    L22                  IBUF (Prop_ibuf_I_O)         0.762     5.762 r  clk_IBUF_inst/O
                         net (fo=1, routed)           1.734     7.496    clk_IBUF
    BUFGCTRL_X0Y0        BUFG (Prop_bufg_I_O)         0.077     7.573 r  clk_IBUF_BUFG_inst/O
                         net (fo=5, routed)           1.461     9.034    FFsum1/clk_IBUF_BUFG
    SLICE_X0Y104         FDCE                                         r  FFsum1/q_reg/C
                         clock pessimism              0.000     9.034    
                         clock uncertainty           -0.035     8.999    
    SLICE_X0Y104         FDCE (Setup_fdce_C_D)        0.032     9.031    FFsum1/q_reg
  -------------------------------------------------------------------
                         required time                          9.031    
                         arrival time                          -5.561    
  -------------------------------------------------------------------
                         slack                                  3.469    

Slack (MET) :             3.541ns  (required time - arrival time)
  Source:                 a[1]
                            (clock source 'virtual_clk'  {rise@0.000ns fall@5.000ns period=10.000ns})
  Destination:            FFa1/q_reg/D
                            (rising edge-triggered cell FDCE clocked by sys_clk  {rise@0.000ns fall@2.500ns period=5.000ns})
  Path Group:             sys_clk
  Path Type:              Setup (Max at Slow Process Corner)
  Requirement:            5.000ns  (sys_clk rise@5.000ns - virtual_clk rise@0.000ns)
  Data Path Delay:        5.411ns  (logic 0.896ns (16.567%)  route 4.514ns (83.433%))
  Logic Levels:           1  (IBUF=1)
  Clock Path Skew:        4.034ns (DCD - SCD + CPR)
    Destination Clock Delay (DCD):    4.034ns = ( 9.034 - 5.000 ) 
    Source Clock Delay      (SCD):    0.000ns
    Clock Pessimism Removal (CPR):    0.000ns
  Clock Uncertainty:      0.035ns  ((TSJ^2 + TIJ^2)^1/2 + DJ) / 2 + PE
    Total System Jitter     (TSJ):    0.071ns
    Total Input Jitter      (TIJ):    0.000ns
    Discrete Jitter          (DJ):    0.000ns
    Phase Error              (PE):    0.000ns
  Clock Domain Crossing:  Inter clock paths are considered valid unless explicitly excluded by timing constraints such as set_clock_groups or set_false_path.

    Location             Delay type                Incr(ns)  Path(ns)    Netlist Resource(s)
  -------------------------------------------------------------------    -------------------
                         (clock virtual_clk rise edge)
                                                      0.000     0.000 r  
    R23                                               0.000     0.000 r  a[1] (IN)
                         net (fo=0)                   0.000     0.000    a[1]
    R23                  IBUF (Prop_ibuf_I_O)         0.896     0.896 r  a_IBUF[1]_inst/O
                         net (fo=1, routed)           4.514     5.411    FFa1/I1[0]
    SLICE_X1Y104         FDCE                                         r  FFa1/q_reg/D
  -------------------------------------------------------------------    -------------------

                         (clock sys_clk rise edge)    5.000     5.000 r  
    L22                                               0.000     5.000 r  clk (IN)
                         net (fo=0)                   0.000     5.000    clk
    L22                  IBUF (Prop_ibuf_I_O)         0.762     5.762 r  clk_IBUF_inst/O
                         net (fo=1, routed)           1.734     7.496    clk_IBUF
    BUFGCTRL_X0Y0        BUFG (Prop_bufg_I_O)         0.077     7.573 r  clk_IBUF_BUFG_inst/O
                         net (fo=5, routed)           1.461     9.034    FFa1/clk_IBUF_BUFG
    SLICE_X1Y104         FDCE                                         r  FFa1/q_reg/C
                         clock pessimism              0.000     9.034    
                         clock uncertainty           -0.035     8.999    
    SLICE_X1Y104         FDCE (Setup_fdce_C_D)       -0.047     8.952    FFa1/q_reg
  -------------------------------------------------------------------
                         required time                          8.952    
                         arrival time                          -5.411    
  -------------------------------------------------------------------
                         slack                                  3.541    

Slack (MET) :             3.583ns  (required time - arrival time)
  Source:                 a[0]
                            (clock source 'virtual_clk'  {rise@0.000ns fall@5.000ns period=10.000ns})
  Destination:            FFcarry/q_reg/D
                            (rising edge-triggered cell FDCE clocked by sys_clk  {rise@0.000ns fall@2.500ns period=5.000ns})
  Path Group:             sys_clk
  Path Type:              Setup (Max at Slow Process Corner)
  Requirement:            5.000ns  (sys_clk rise@5.000ns - virtual_clk rise@0.000ns)
  Data Path Delay:        5.446ns  (logic 0.957ns (17.580%)  route 4.488ns (82.420%))
  Logic Levels:           2  (IBUF=1 LUT3=1)
  Clock Path Skew:        4.034ns (DCD - SCD + CPR)
    Destination Clock Delay (DCD):    4.034ns = ( 9.034 - 5.000 ) 
    Source Clock Delay      (SCD):    0.000ns
    Clock Pessimism Removal (CPR):    0.000ns
  Clock Uncertainty:      0.035ns  ((TSJ^2 + TIJ^2)^1/2 + DJ) / 2 + PE
    Total System Jitter     (TSJ):    0.071ns
    Total Input Jitter      (TIJ):    0.000ns
    Discrete Jitter          (DJ):    0.000ns
    Phase Error              (PE):    0.000ns
  Clock Domain Crossing:  Inter clock paths are considered valid unless explicitly excluded by timing constraints such as set_clock_groups or set_false_path.

    Location             Delay type                Incr(ns)  Path(ns)    Netlist Resource(s)
  -------------------------------------------------------------------    -------------------
                         (clock virtual_clk rise edge)
                                                      0.000     0.000 r  
    R18                                               0.000     0.000 r  a[0] (IN)
                         net (fo=0)                   0.000     0.000    a[0]
    R18                  IBUF (Prop_ibuf_I_O)         0.852     0.852 r  a_IBUF[0]_inst/O
                         net (fo=2, routed)           4.488     5.341    FA_0/a_IBUF[0]
    SLICE_X0Y104         LUT3 (Prop_lut3_I2_O)        0.105     5.446 r  FA_0/cout__0/O
                         net (fo=1, routed)           0.000     5.446    FFcarry/cout
    SLICE_X0Y104         FDCE                                         r  FFcarry/q_reg/D
  -------------------------------------------------------------------    -------------------

                         (clock sys_clk rise edge)    5.000     5.000 r  
    L22                                               0.000     5.000 r  clk (IN)
                         net (fo=0)                   0.000     5.000    clk
    L22                  IBUF (Prop_ibuf_I_O)         0.762     5.762 r  clk_IBUF_inst/O
                         net (fo=1, routed)           1.734     7.496    clk_IBUF
    BUFGCTRL_X0Y0        BUFG (Prop_bufg_I_O)         0.077     7.573 r  clk_IBUF_BUFG_inst/O
                         net (fo=5, routed)           1.461     9.034    FFcarry/clk_IBUF_BUFG
    SLICE_X0Y104         FDCE                                         r  FFcarry/q_reg/C
                         clock pessimism              0.000     9.034    
                         clock uncertainty           -0.035     8.999    
    SLICE_X0Y104         FDCE (Setup_fdce_C_D)        0.030     9.029    FFcarry/q_reg
  -------------------------------------------------------------------
                         required time                          9.029    
                         arrival time                          -5.446    
  -------------------------------------------------------------------
                         slack                                  3.583    

Slack (MET) :             5.727ns  (required time - arrival time)
  Source:                 b[1]
                            (input port clocked by virtual_clk  {rise@0.000ns fall@5.000ns period=10.000ns})
  Destination:            FFb1/q_reg/D
                            (rising edge-triggered cell FDCE clocked by sys_clk  {rise@0.000ns fall@2.500ns period=5.000ns})
  Path Group:             sys_clk
  Path Type:              Setup (Max at Fast Process Corner)
  Requirement:            5.000ns  (sys_clk rise@5.000ns - virtual_clk rise@0.000ns)
  Data Path Delay:        0.793ns  (logic 0.384ns (48.403%)  route 0.409ns (51.597%))
  Logic Levels:           1  (IBUF=1)
  Input Delay:            0.000ns
  Clock Path Skew:        1.560ns (DCD - SCD + CPR)
    Destination Clock Delay (DCD):    1.560ns = ( 6.560 - 5.000 ) 
    Source Clock Delay      (SCD):    0.000ns
    Clock Pessimism Removal (CPR):    0.000ns
  Clock Uncertainty:      0.035ns  ((TSJ^2 + TIJ^2)^1/2 + DJ) / 2 + PE
    Total System Jitter     (TSJ):    0.071ns
    Total Input Jitter      (TIJ):    0.000ns
    Discrete Jitter          (DJ):    0.000ns
    Phase Error              (PE):    0.000ns
  Clock Domain Crossing:  Inter clock paths are considered valid unless explicitly excluded by timing constraints such as set_clock_groups or set_false_path.

    Location             Delay type                Incr(ns)  Path(ns)    Netlist Resource(s)
  -------------------------------------------------------------------    -------------------
                         (clock virtual_clk rise edge)
                                                      0.000     0.000 r  
                         input delay                  0.000     0.000    
    R22                                               0.000     0.000 r  b[1] (IN)
                         net (fo=0)                   0.000     0.000    b[1]
    R22                  IBUF (Prop_ibuf_I_O)         0.384     0.384 r  b_IBUF[1]_inst/O
                         net (fo=1, routed)           0.409     0.793    FFb1/I2[0]
    SLICE_X0Y104         FDCE                                         r  FFb1/q_reg/D
  -------------------------------------------------------------------    -------------------

                         (clock sys_clk rise edge)    5.000     5.000 r  
    L22                                               0.000     5.000 r  clk (IN)
                         net (fo=0)                   0.000     5.000    clk
    L22                  IBUF (Prop_ibuf_I_O)         0.190     5.190 r  clk_IBUF_inst/O
                         net (fo=1, routed)           0.690     5.880    clk_IBUF
    BUFGCTRL_X0Y0        BUFG (Prop_bufg_I_O)         0.026     5.906 r  clk_IBUF_BUFG_inst/O
                         net (fo=5, routed)           0.655     6.560    FFb1/clk_IBUF_BUFG
    SLICE_X0Y104         FDCE                                         r  FFb1/q_reg/C
                         clock pessimism              0.000     6.560    
                         clock uncertainty           -0.035     6.525    
    SLICE_X0Y104         FDCE (Setup_fdce_C_D)       -0.005     6.520    FFb1/q_reg
  -------------------------------------------------------------------
                         required time                          6.520    
                         arrival time                          -0.793    
  -------------------------------------------------------------------
                         slack                                  5.727    





Min Delay Paths
--------------------------------------------------------------------------------------
Slack (MET) :             0.059ns  (arrival time - required time)
  Source:                 a[0]
                            (clock source 'virtual_clk'  {rise@0.000ns fall@5.000ns period=10.000ns})
  Destination:            FFcarry/q_reg/D
                            (rising edge-triggered cell FDCE clocked by sys_clk  {rise@0.000ns fall@2.500ns period=5.000ns})
  Path Group:             sys_clk
  Path Type:              Hold (Min at Slow Process Corner)
  Requirement:            0.000ns  (sys_clk rise@0.000ns - virtual_clk rise@0.000ns)
  Data Path Delay:        4.683ns  (logic 0.806ns (17.208%)  route 3.877ns (82.792%))
  Logic Levels:           2  (IBUF=1 LUT3=1)
  Clock Path Skew:        4.369ns (DCD - SCD - CPR)
    Destination Clock Delay (DCD):    4.369ns
    Source Clock Delay      (SCD):    0.000ns
    Clock Pessimism Removal (CPR):    -0.000ns
  Clock Uncertainty:      0.035ns  ((TSJ^2 + TIJ^2)^1/2 + DJ) / 2 + PE
    Total System Jitter     (TSJ):    0.071ns
    Total Input Jitter      (TIJ):    0.000ns
    Discrete Jitter          (DJ):    0.000ns
    Phase Error              (PE):    0.000ns
  Clock Domain Crossing:  Inter clock paths are considered valid unless explicitly excluded by timing constraints such as set_clock_groups or set_false_path.

    Location             Delay type                Incr(ns)  Path(ns)    Netlist Resource(s)
  -------------------------------------------------------------------    -------------------
                         (clock virtual_clk rise edge)
                                                      0.000     0.000 r  
    R18                                               0.000     0.000 r  a[0] (IN)
                         net (fo=0)                   0.000     0.000    a[0]
    R18                  IBUF (Prop_ibuf_I_O)         0.722     0.722 r  a_IBUF[0]_inst/O
                         net (fo=2, routed)           3.877     4.599    FA_0/a_IBUF[0]
    SLICE_X0Y104         LUT3 (Prop_lut3_I2_O)        0.084     4.683 r  FA_0/cout__0/O
                         net (fo=1, routed)           0.000     4.683    FFcarry/cout
    SLICE_X0Y104         FDCE                                         r  FFcarry/q_reg/D
  -------------------------------------------------------------------    -------------------

                         (clock sys_clk rise edge)    0.000     0.000 r  
    L22                                               0.000     0.000 r  clk (IN)
                         net (fo=0)                   0.000     0.000    clk
    L22                  IBUF (Prop_ibuf_I_O)         0.893     0.893 r  clk_IBUF_inst/O
                         net (fo=1, routed)           1.827     2.720    clk_IBUF
    BUFGCTRL_X0Y0        BUFG (Prop_bufg_I_O)         0.081     2.801 r  clk_IBUF_BUFG_inst/O
                         net (fo=5, routed)           1.569     4.369    FFcarry/clk_IBUF_BUFG
    SLICE_X0Y104         FDCE                                         r  FFcarry/q_reg/C
                         clock pessimism              0.000     4.369    
                         clock uncertainty            0.035     4.405    
    SLICE_X0Y104         FDCE (Hold_fdce_C_D)         0.220     4.625    FFcarry/q_reg
  -------------------------------------------------------------------
                         required time                         -4.625    
                         arrival time                           4.683    
  -------------------------------------------------------------------
                         slack                                  0.059    

Slack (MET) :             0.112ns  (arrival time - required time)
  Source:                 a[1]
                            (clock source 'virtual_clk'  {rise@0.000ns fall@5.000ns period=10.000ns})
  Destination:            FFa1/q_reg/D
                            (rising edge-triggered cell FDCE clocked by sys_clk  {rise@0.000ns fall@2.500ns period=5.000ns})
  Path Group:             sys_clk
  Path Type:              Hold (Min at Slow Process Corner)
  Requirement:            0.000ns  (sys_clk rise@0.000ns - virtual_clk rise@0.000ns)
  Data Path Delay:        4.675ns  (logic 0.765ns (16.375%)  route 3.909ns (83.625%))
  Logic Levels:           1  (IBUF=1)
  Clock Path Skew:        4.369ns (DCD - SCD - CPR)
    Destination Clock Delay (DCD):    4.369ns
    Source Clock Delay      (SCD):    0.000ns
    Clock Pessimism Removal (CPR):    -0.000ns
  Clock Uncertainty:      0.035ns  ((TSJ^2 + TIJ^2)^1/2 + DJ) / 2 + PE
    Total System Jitter     (TSJ):    0.071ns
    Total Input Jitter      (TIJ):    0.000ns
    Discrete Jitter          (DJ):    0.000ns
    Phase Error              (PE):    0.000ns
  Clock Domain Crossing:  Inter clock paths are considered valid unless explicitly excluded by timing constraints such as set_clock_groups or set_false_path.

    Location             Delay type                Incr(ns)  Path(ns)    Netlist Resource(s)
  -------------------------------------------------------------------    -------------------
                         (clock virtual_clk rise edge)
                                                      0.000     0.000 r  
    R23                                               0.000     0.000 r  a[1] (IN)
                         net (fo=0)                   0.000     0.000    a[1]
    R23                  IBUF (Prop_ibuf_I_O)         0.765     0.765 r  a_IBUF[1]_inst/O
                         net (fo=1, routed)           3.909     4.675    FFa1/I1[0]
    SLICE_X1Y104         FDCE                                         r  FFa1/q_reg/D
  -------------------------------------------------------------------    -------------------

                         (clock sys_clk rise edge)    0.000     0.000 r  
    L22                                               0.000     0.000 r  clk (IN)
                         net (fo=0)                   0.000     0.000    clk
    L22                  IBUF (Prop_ibuf_I_O)         0.893     0.893 r  clk_IBUF_inst/O
                         net (fo=1, routed)           1.827     2.720    clk_IBUF
    BUFGCTRL_X0Y0        BUFG (Prop_bufg_I_O)         0.081     2.801 r  clk_IBUF_BUFG_inst/O
                         net (fo=5, routed)           1.569     4.369    FFa1/clk_IBUF_BUFG
    SLICE_X1Y104         FDCE                                         r  FFa1/q_reg/C
                         clock pessimism              0.000     4.369    
                         clock uncertainty            0.035     4.405    
    SLICE_X1Y104         FDCE (Hold_fdce_C_D)         0.158     4.563    FFa1/q_reg
  -------------------------------------------------------------------
                         required time                         -4.563    
                         arrival time                           4.675    
  -------------------------------------------------------------------
                         slack                                  0.112    

Slack (MET) :             0.154ns  (arrival time - required time)
  Source:                 a[0]
                            (clock source 'virtual_clk'  {rise@0.000ns fall@5.000ns period=10.000ns})
  Destination:            FFsum1/q_reg/D
                            (rising edge-triggered cell FDCE clocked by sys_clk  {rise@0.000ns fall@2.500ns period=5.000ns})
  Path Group:             sys_clk
  Path Type:              Hold (Min at Slow Process Corner)
  Requirement:            0.000ns  (sys_clk rise@5.000ns - virtual_clk fall@5.000ns)
  Data Path Delay:        4.781ns  (logic 0.806ns (16.858%)  route 3.975ns (83.142%))
  Logic Levels:           2  (IBUF=1 LUT3=1)
  Clock Path Skew:        4.369ns (DCD - SCD - CPR)
    Destination Clock Delay (DCD):    4.369ns = ( 9.369 - 5.000 ) 
    Source Clock Delay      (SCD):    0.000ns = ( 5.000 - 5.000 ) 
    Clock Pessimism Removal (CPR):    -0.000ns
  Clock Uncertainty:      0.035ns  ((TSJ^2 + TIJ^2)^1/2 + DJ) / 2 + PE
    Total System Jitter     (TSJ):    0.071ns
    Total Input Jitter      (TIJ):    0.000ns
    Discrete Jitter          (DJ):    0.000ns
    Phase Error              (PE):    0.000ns
  Clock Domain Crossing:  Inter clock paths are considered valid unless explicitly excluded by timing constraints such as set_clock_groups or set_false_path.

    Location             Delay type                Incr(ns)  Path(ns)    Netlist Resource(s)
  -------------------------------------------------------------------    -------------------
                         (clock virtual_clk fall edge)
                                                      5.000     5.000 f  
    R18                                               0.000     5.000 f  a[0] (IN)
                         net (fo=0)                   0.000     5.000    a[0]
    R18                  IBUF (Prop_ibuf_I_O)         0.722     5.722 f  a_IBUF[0]_inst/O
                         net (fo=2, routed)           3.975     9.697    FFsum1/a_IBUF[0]
    SLICE_X0Y104         LUT3 (Prop_lut3_I1_O)        0.084     9.781 r  FFsum1/q_i_1__0/O
                         net (fo=1, routed)           0.000     9.781    FFsum1/s
    SLICE_X0Y104         FDCE                                         r  FFsum1/q_reg/D
  -------------------------------------------------------------------    -------------------

                         (clock sys_clk rise edge)    5.000     5.000 r  
    L22                                               0.000     5.000 r  clk (IN)
                         net (fo=0)                   0.000     5.000    clk
    L22                  IBUF (Prop_ibuf_I_O)         0.893     5.893 r  clk_IBUF_inst/O
                         net (fo=1, routed)           1.827     7.720    clk_IBUF
    BUFGCTRL_X0Y0        BUFG (Prop_bufg_I_O)         0.081     7.801 r  clk_IBUF_BUFG_inst/O
                         net (fo=5, routed)           1.569     9.369    FFsum1/clk_IBUF_BUFG
    SLICE_X0Y104         FDCE                                         r  FFsum1/q_reg/C
                         clock pessimism              0.000     9.369    
                         clock uncertainty            0.035     9.405    
    SLICE_X0Y104         FDCE (Hold_fdce_C_D)         0.222     9.627    FFsum1/q_reg
  -------------------------------------------------------------------
                         required time                         -9.627    
                         arrival time                           9.781    
  -------------------------------------------------------------------
                         slack                                  0.154    





--------------------------------------------------------------------------------------
Path Group:  (none)
From Clock:  
  To Clock:  sys_clk

Max Delay             5 Endpoints
Min Delay             5 Endpoints
--------------------------------------------------------------------------------------


Max Delay Paths
--------------------------------------------------------------------------------------
Slack:                    inf
  Source:                 arst_n
                            (input port)
  Destination:            FFb1/q_reg/CLR
                            (recovery check against rising-edge clock sys_clk  {rise@0.000ns fall@2.500ns period=5.000ns})
  Path Group:             (none)
  Path Type:              Recovery (Max at Slow Process Corner)
  Data Path Delay:        2.578ns  (logic 1.003ns (38.890%)  route 1.576ns (61.110%))
  Logic Levels:           2  (IBUF=1 LUT1=1)
  Clock Path Skew:        4.034ns (DCD - SCD + CPR)
    Destination Clock Delay (DCD):    4.034ns
    Source Clock Delay      (SCD):    0.000ns
    Clock Pessimism Removal (CPR):    0.000ns
  Clock Uncertainty:      0.025ns  ((TSJ^2 + TIJ^2)^1/2 + DJ) / 2 + PE
    Total System Jitter     (TSJ):    0.050ns
    Total Input Jitter      (TIJ):    0.000ns
    Discrete Jitter          (DJ):    0.000ns
    Phase Error              (PE):    0.000ns
  Timing Exception:       False Path

    Location             Delay type                Incr(ns)  Path(ns)    Netlist Resource(s)
  -------------------------------------------------------------------    -------------------
    T22                                               0.000     0.000 r  arst_n (IN)
                         net (fo=0)                   0.000     0.000    arst_n
    T22                  IBUF (Prop_ibuf_I_O)         0.898     0.898 r  arst_n_IBUF_inst/O
                         net (fo=1, routed)           1.130     2.028    FFsum2/arst_n_IBUF
    SLICE_X0Y104         LUT1 (Prop_lut1_I0_O)        0.105     2.133 f  FFsum2/q_i_1/O
                         net (fo=5, routed)           0.445     2.578    FFb1/q_reg_0
    SLICE_X0Y104         FDCE                                         f  FFb1/q_reg/CLR
  -------------------------------------------------------------------    -------------------

                         (clock sys_clk rise edge)    0.000     0.000 r  
    L22                                               0.000     0.000 r  clk (IN)
                         net (fo=0)                   0.000     0.000    clk
    L22                  IBUF (Prop_ibuf_I_O)         0.762     0.762 r  clk_IBUF_inst/O
                         net (fo=1, routed)           1.734     2.496    clk_IBUF
    BUFGCTRL_X0Y0        BUFG (Prop_bufg_I_O)         0.077     2.573 r  clk_IBUF_BUFG_inst/O
                         net (fo=5, routed)           1.461     4.034    FFb1/clk_IBUF_BUFG
    SLICE_X0Y104         FDCE                                         r  FFb1/q_reg/C

Slack:                    inf
  Source:                 arst_n
                            (input port)
  Destination:            FFcarry/q_reg/CLR
                            (recovery check against rising-edge clock sys_clk  {rise@0.000ns fall@2.500ns period=5.000ns})
  Path Group:             (none)
  Path Type:              Recovery (Max at Slow Process Corner)
  Data Path Delay:        2.578ns  (logic 1.003ns (38.890%)  route 1.576ns (61.110%))
  Logic Levels:           2  (IBUF=1 LUT1=1)
  Clock Path Skew:        4.034ns (DCD - SCD + CPR)
    Destination Clock Delay (DCD):    4.034ns
    Source Clock Delay      (SCD):    0.000ns
    Clock Pessimism Removal (CPR):    0.000ns
  Clock Uncertainty:      0.025ns  ((TSJ^2 + TIJ^2)^1/2 + DJ) / 2 + PE
    Total System Jitter     (TSJ):    0.050ns
    Total Input Jitter      (TIJ):    0.000ns
    Discrete Jitter          (DJ):    0.000ns
    Phase Error              (PE):    0.000ns
  Timing Exception:       False Path

    Location             Delay type                Incr(ns)  Path(ns)    Netlist Resource(s)
  -------------------------------------------------------------------    -------------------
    T22                                               0.000     0.000 r  arst_n (IN)
                         net (fo=0)                   0.000     0.000    arst_n
    T22                  IBUF (Prop_ibuf_I_O)         0.898     0.898 r  arst_n_IBUF_inst/O
                         net (fo=1, routed)           1.130     2.028    FFsum2/arst_n_IBUF
    SLICE_X0Y104         LUT1 (Prop_lut1_I0_O)        0.105     2.133 f  FFsum2/q_i_1/O
                         net (fo=5, routed)           0.445     2.578    FFcarry/q_reg_0
    SLICE_X0Y104         FDCE                                         f  FFcarry/q_reg/CLR
  -------------------------------------------------------------------    -------------------

                         (clock sys_clk rise edge)    0.000     0.000 r  
    L22                                               0.000     0.000 r  clk (IN)
                         net (fo=0)                   0.000     0.000    clk
    L22                  IBUF (Prop_ibuf_I_O)         0.762     0.762 r  clk_IBUF_inst/O
                         net (fo=1, routed)           1.734     2.496    clk_IBUF
    BUFGCTRL_X0Y0        BUFG (Prop_bufg_I_O)         0.077     2.573 r  clk_IBUF_BUFG_inst/O
                         net (fo=5, routed)           1.461     4.034    FFcarry/clk_IBUF_BUFG
    SLICE_X0Y104         FDCE                                         r  FFcarry/q_reg/C

Slack:                    inf
  Source:                 arst_n
                            (input port)
  Destination:            FFsum1/q_reg/CLR
                            (recovery check against rising-edge clock sys_clk  {rise@0.000ns fall@2.500ns period=5.000ns})
  Path Group:             (none)
  Path Type:              Recovery (Max at Slow Process Corner)
  Data Path Delay:        2.578ns  (logic 1.003ns (38.890%)  route 1.576ns (61.110%))
  Logic Levels:           2  (IBUF=1 LUT1=1)
  Clock Path Skew:        4.034ns (DCD - SCD + CPR)
    Destination Clock Delay (DCD):    4.034ns
    Source Clock Delay      (SCD):    0.000ns
    Clock Pessimism Removal (CPR):    0.000ns
  Clock Uncertainty:      0.025ns  ((TSJ^2 + TIJ^2)^1/2 + DJ) / 2 + PE
    Total System Jitter     (TSJ):    0.050ns
    Total Input Jitter      (TIJ):    0.000ns
    Discrete Jitter          (DJ):    0.000ns
    Phase Error              (PE):    0.000ns
  Timing Exception:       False Path

    Location             Delay type                Incr(ns)  Path(ns)    Netlist Resource(s)
  -------------------------------------------------------------------    -------------------
    T22                                               0.000     0.000 r  arst_n (IN)
                         net (fo=0)                   0.000     0.000    arst_n
    T22                  IBUF (Prop_ibuf_I_O)         0.898     0.898 r  arst_n_IBUF_inst/O
                         net (fo=1, routed)           1.130     2.028    FFsum2/arst_n_IBUF
    SLICE_X0Y104         LUT1 (Prop_lut1_I0_O)        0.105     2.133 f  FFsum2/q_i_1/O
                         net (fo=5, routed)           0.445     2.578    FFsum1/q_reg_0
    SLICE_X0Y104         FDCE                                         f  FFsum1/q_reg/CLR
  -------------------------------------------------------------------    -------------------

                         (clock sys_clk rise edge)    0.000     0.000 r  
    L22                                               0.000     0.000 r  clk (IN)
                         net (fo=0)                   0.000     0.000    clk
    L22                  IBUF (Prop_ibuf_I_O)         0.762     0.762 r  clk_IBUF_inst/O
                         net (fo=1, routed)           1.734     2.496    clk_IBUF
    BUFGCTRL_X0Y0        BUFG (Prop_bufg_I_O)         0.077     2.573 r  clk_IBUF_BUFG_inst/O
                         net (fo=5, routed)           1.461     4.034    FFsum1/clk_IBUF_BUFG
    SLICE_X0Y104         FDCE                                         r  FFsum1/q_reg/C

Slack:                    inf
  Source:                 arst_n
                            (input port)
  Destination:            FFsum2/q_reg/CLR
                            (recovery check against rising-edge clock sys_clk  {rise@0.000ns fall@2.500ns period=5.000ns})
  Path Group:             (none)
  Path Type:              Recovery (Max at Slow Process Corner)
  Data Path Delay:        2.578ns  (logic 1.003ns (38.890%)  route 1.576ns (61.110%))
  Logic Levels:           2  (IBUF=1 LUT1=1)
  Clock Path Skew:        4.034ns (DCD - SCD + CPR)
    Destination Clock Delay (DCD):    4.034ns
    Source Clock Delay      (SCD):    0.000ns
    Clock Pessimism Removal (CPR):    0.000ns
  Clock Uncertainty:      0.025ns  ((TSJ^2 + TIJ^2)^1/2 + DJ) / 2 + PE
    Total System Jitter     (TSJ):    0.050ns
    Total Input Jitter      (TIJ):    0.000ns
    Discrete Jitter          (DJ):    0.000ns
    Phase Error              (PE):    0.000ns
  Timing Exception:       False Path

    Location             Delay type                Incr(ns)  Path(ns)    Netlist Resource(s)
  -------------------------------------------------------------------    -------------------
    T22                                               0.000     0.000 r  arst_n (IN)
                         net (fo=0)                   0.000     0.000    arst_n
    T22                  IBUF (Prop_ibuf_I_O)         0.898     0.898 r  arst_n_IBUF_inst/O
                         net (fo=1, routed)           1.130     2.028    FFsum2/arst_n_IBUF
    SLICE_X0Y104         LUT1 (Prop_lut1_I0_O)        0.105     2.133 f  FFsum2/q_i_1/O
                         net (fo=5, routed)           0.445     2.578    FFsum2/arst_n
    SLICE_X0Y104         FDCE                                         f  FFsum2/q_reg/CLR
  -------------------------------------------------------------------    -------------------

                         (clock sys_clk rise edge)    0.000     0.000 r  
    L22                                               0.000     0.000 r  clk (IN)
                         net (fo=0)                   0.000     0.000    clk
    L22                  IBUF (Prop_ibuf_I_O)         0.762     0.762 r  clk_IBUF_inst/O
                         net (fo=1, routed)           1.734     2.496    clk_IBUF
    BUFGCTRL_X0Y0        BUFG (Prop_bufg_I_O)         0.077     2.573 r  clk_IBUF_BUFG_inst/O
                         net (fo=5, routed)           1.461     4.034    FFsum2/clk_IBUF_BUFG
    SLICE_X0Y104         FDCE                                         r  FFsum2/q_reg/C

Slack:                    inf
  Source:                 arst_n
                            (input port)
  Destination:            FFa1/q_reg/CLR
                            (recovery check against rising-edge clock sys_clk  {rise@0.000ns fall@2.500ns period=5.000ns})
  Path Group:             (none)
  Path Type:              Recovery (Max at Slow Process Corner)
  Data Path Delay:        2.574ns  (logic 1.003ns (38.946%)  route 1.572ns (61.054%))
  Logic Levels:           2  (IBUF=1 LUT1=1)
  Clock Path Skew:        4.034ns (DCD - SCD + CPR)
    Destination Clock Delay (DCD):    4.034ns
    Source Clock Delay      (SCD):    0.000ns
    Clock Pessimism Removal (CPR):    0.000ns
  Clock Uncertainty:      0.025ns  ((TSJ^2 + TIJ^2)^1/2 + DJ) / 2 + PE
    Total System Jitter     (TSJ):    0.050ns
    Total Input Jitter      (TIJ):    0.000ns
    Discrete Jitter          (DJ):    0.000ns
    Phase Error              (PE):    0.000ns
  Timing Exception:       False Path

    Location             Delay type                Incr(ns)  Path(ns)    Netlist Resource(s)
  -------------------------------------------------------------------    -------------------
    T22                                               0.000     0.000 r  arst_n (IN)
                         net (fo=0)                   0.000     0.000    arst_n
    T22                  IBUF (Prop_ibuf_I_O)         0.898     0.898 r  arst_n_IBUF_inst/O
                         net (fo=1, routed)           1.130     2.028    FFsum2/arst_n_IBUF
    SLICE_X0Y104         LUT1 (Prop_lut1_I0_O)        0.105     2.133 f  FFsum2/q_i_1/O
                         net (fo=5, routed)           0.442     2.574    FFa1/q_reg_0
    SLICE_X1Y104         FDCE                                         f  FFa1/q_reg/CLR
  -------------------------------------------------------------------    -------------------

                         (clock sys_clk rise edge)    0.000     0.000 r  
    L22                                               0.000     0.000 r  clk (IN)
                         net (fo=0)                   0.000     0.000    clk
    L22                  IBUF (Prop_ibuf_I_O)         0.762     0.762 r  clk_IBUF_inst/O
                         net (fo=1, routed)           1.734     2.496    clk_IBUF
    BUFGCTRL_X0Y0        BUFG (Prop_bufg_I_O)         0.077     2.573 r  clk_IBUF_BUFG_inst/O
                         net (fo=5, routed)           1.461     4.034    FFa1/clk_IBUF_BUFG
    SLICE_X1Y104         FDCE                                         r  FFa1/q_reg/C





Min Delay Paths
--------------------------------------------------------------------------------------
Slack:                    inf
  Source:                 arst_n
                            (input port)
  Destination:            FFa1/q_reg/CLR
                            (removal check against rising-edge clock sys_clk  {rise@0.000ns fall@2.500ns period=5.000ns})
  Path Group:             (none)
  Path Type:              Removal (Min at Fast Process Corner)
  Data Path Delay:        0.921ns  (logic 0.240ns (25.996%)  route 0.682ns (74.004%))
  Logic Levels:           2  (IBUF=1 LUT1=1)
  Clock Path Skew:        2.086ns (DCD - SCD - CPR)
    Destination Clock Delay (DCD):    2.086ns
    Source Clock Delay      (SCD):    0.000ns
    Clock Pessimism Removal (CPR):    -0.000ns
  Timing Exception:       False Path

    Location             Delay type                Incr(ns)  Path(ns)    Netlist Resource(s)
  -------------------------------------------------------------------    -------------------
    T22                                               0.000     0.000 r  arst_n (IN)
                         net (fo=0)                   0.000     0.000    arst_n
    T22                  IBUF (Prop_ibuf_I_O)         0.195     0.195 r  arst_n_IBUF_inst/O
                         net (fo=1, routed)           0.499     0.694    FFsum2/arst_n_IBUF
    SLICE_X0Y104         LUT1 (Prop_lut1_I0_O)        0.045     0.739 f  FFsum2/q_i_1/O
                         net (fo=5, routed)           0.183     0.921    FFa1/q_reg_0
    SLICE_X1Y104         FDCE                                         f  FFa1/q_reg/CLR
  -------------------------------------------------------------------    -------------------

                         (clock sys_clk rise edge)    0.000     0.000 r  
    L22                                               0.000     0.000 r  clk (IN)
                         net (fo=0)                   0.000     0.000    clk
    L22                  IBUF (Prop_ibuf_I_O)         0.378     0.378 r  clk_IBUF_inst/O
                         net (fo=1, routed)           0.750     1.128    clk_IBUF
    BUFGCTRL_X0Y0        BUFG (Prop_bufg_I_O)         0.029     1.157 r  clk_IBUF_BUFG_inst/O
                         net (fo=5, routed)           0.929     2.086    FFa1/clk_IBUF_BUFG
    SLICE_X1Y104         FDCE                                         r  FFa1/q_reg/C

Slack:                    inf
  Source:                 arst_n
                            (input port)
  Destination:            FFb1/q_reg/CLR
                            (removal check against rising-edge clock sys_clk  {rise@0.000ns fall@2.500ns period=5.000ns})
  Path Group:             (none)
  Path Type:              Removal (Min at Fast Process Corner)
  Data Path Delay:        0.925ns  (logic 0.240ns (25.891%)  route 0.686ns (74.109%))
  Logic Levels:           2  (IBUF=1 LUT1=1)
  Clock Path Skew:        2.086ns (DCD - SCD - CPR)
    Destination Clock Delay (DCD):    2.086ns
    Source Clock Delay      (SCD):    0.000ns
    Clock Pessimism Removal (CPR):    -0.000ns
  Timing Exception:       False Path

    Location             Delay type                Incr(ns)  Path(ns)    Netlist Resource(s)
  -------------------------------------------------------------------    -------------------
    T22                                               0.000     0.000 r  arst_n (IN)
                         net (fo=0)                   0.000     0.000    arst_n
    T22                  IBUF (Prop_ibuf_I_O)         0.195     0.195 r  arst_n_IBUF_inst/O
                         net (fo=1, routed)           0.499     0.694    FFsum2/arst_n_IBUF
    SLICE_X0Y104         LUT1 (Prop_lut1_I0_O)        0.045     0.739 f  FFsum2/q_i_1/O
                         net (fo=5, routed)           0.186     0.925    FFb1/q_reg_0
    SLICE_X0Y104         FDCE                                         f  FFb1/q_reg/CLR
  -------------------------------------------------------------------    -------------------

                         (clock sys_clk rise edge)    0.000     0.000 r  
    L22                                               0.000     0.000 r  clk (IN)
                         net (fo=0)                   0.000     0.000    clk
    L22                  IBUF (Prop_ibuf_I_O)         0.378     0.378 r  clk_IBUF_inst/O
                         net (fo=1, routed)           0.750     1.128    clk_IBUF
    BUFGCTRL_X0Y0        BUFG (Prop_bufg_I_O)         0.029     1.157 r  clk_IBUF_BUFG_inst/O
                         net (fo=5, routed)           0.929     2.086    FFb1/clk_IBUF_BUFG
    SLICE_X0Y104         FDCE                                         r  FFb1/q_reg/C

Slack:                    inf
  Source:                 arst_n
                            (input port)
  Destination:            FFcarry/q_reg/CLR
                            (removal check against rising-edge clock sys_clk  {rise@0.000ns fall@2.500ns period=5.000ns})
  Path Group:             (none)
  Path Type:              Removal (Min at Fast Process Corner)
  Data Path Delay:        0.925ns  (logic 0.240ns (25.891%)  route 0.686ns (74.109%))
  Logic Levels:           2  (IBUF=1 LUT1=1)
  Clock Path Skew:        2.086ns (DCD - SCD - CPR)
    Destination Clock Delay (DCD):    2.086ns
    Source Clock Delay      (SCD):    0.000ns
    Clock Pessimism Removal (CPR):    -0.000ns
  Timing Exception:       False Path

    Location             Delay type                Incr(ns)  Path(ns)    Netlist Resource(s)
  -------------------------------------------------------------------    -------------------
    T22                                               0.000     0.000 r  arst_n (IN)
                         net (fo=0)                   0.000     0.000    arst_n
    T22                  IBUF (Prop_ibuf_I_O)         0.195     0.195 r  arst_n_IBUF_inst/O
                         net (fo=1, routed)           0.499     0.694    FFsum2/arst_n_IBUF
    SLICE_X0Y104         LUT1 (Prop_lut1_I0_O)        0.045     0.739 f  FFsum2/q_i_1/O
                         net (fo=5, routed)           0.186     0.925    FFcarry/q_reg_0
    SLICE_X0Y104         FDCE                                         f  FFcarry/q_reg/CLR
  -------------------------------------------------------------------    -------------------

                         (clock sys_clk rise edge)    0.000     0.000 r  
    L22                                               0.000     0.000 r  clk (IN)
                         net (fo=0)                   0.000     0.000    clk
    L22                  IBUF (Prop_ibuf_I_O)         0.378     0.378 r  clk_IBUF_inst/O
                         net (fo=1, routed)           0.750     1.128    clk_IBUF
    BUFGCTRL_X0Y0        BUFG (Prop_bufg_I_O)         0.029     1.157 r  clk_IBUF_BUFG_inst/O
                         net (fo=5, routed)           0.929     2.086    FFcarry/clk_IBUF_BUFG
    SLICE_X0Y104         FDCE                                         r  FFcarry/q_reg/C

Slack:                    inf
  Source:                 arst_n
                            (input port)
  Destination:            FFsum1/q_reg/CLR
                            (removal check against rising-edge clock sys_clk  {rise@0.000ns fall@2.500ns period=5.000ns})
  Path Group:             (none)
  Path Type:              Removal (Min at Fast Process Corner)
  Data Path Delay:        0.925ns  (logic 0.240ns (25.891%)  route 0.686ns (74.109%))
  Logic Levels:           2  (IBUF=1 LUT1=1)
  Clock Path Skew:        2.086ns (DCD - SCD - CPR)
    Destination Clock Delay (DCD):    2.086ns
    Source Clock Delay      (SCD):    0.000ns
    Clock Pessimism Removal (CPR):    -0.000ns
  Timing Exception:       False Path

    Location             Delay type                Incr(ns)  Path(ns)    Netlist Resource(s)
  -------------------------------------------------------------------    -------------------
    T22                                               0.000     0.000 r  arst_n (IN)
                         net (fo=0)                   0.000     0.000    arst_n
    T22                  IBUF (Prop_ibuf_I_O)         0.195     0.195 r  arst_n_IBUF_inst/O
                         net (fo=1, routed)           0.499     0.694    FFsum2/arst_n_IBUF
    SLICE_X0Y104         LUT1 (Prop_lut1_I0_O)        0.045     0.739 f  FFsum2/q_i_1/O
                         net (fo=5, routed)           0.186     0.925    FFsum1/q_reg_0
    SLICE_X0Y104         FDCE                                         f  FFsum1/q_reg/CLR
  -------------------------------------------------------------------    -------------------

                         (clock sys_clk rise edge)    0.000     0.000 r  
    L22                                               0.000     0.000 r  clk (IN)
                         net (fo=0)                   0.000     0.000    clk
    L22                  IBUF (Prop_ibuf_I_O)         0.378     0.378 r  clk_IBUF_inst/O
                         net (fo=1, routed)           0.750     1.128    clk_IBUF
    BUFGCTRL_X0Y0        BUFG (Prop_bufg_I_O)         0.029     1.157 r  clk_IBUF_BUFG_inst/O
                         net (fo=5, routed)           0.929     2.086    FFsum1/clk_IBUF_BUFG
    SLICE_X0Y104         FDCE                                         r  FFsum1/q_reg/C

Slack:                    inf
  Source:                 arst_n
                            (input port)
  Destination:            FFsum2/q_reg/CLR
                            (removal check against rising-edge clock sys_clk  {rise@0.000ns fall@2.500ns period=5.000ns})
  Path Group:             (none)
  Path Type:              Removal (Min at Fast Process Corner)
  Data Path Delay:        0.925ns  (logic 0.240ns (25.891%)  route 0.686ns (74.109%))
  Logic Levels:           2  (IBUF=1 LUT1=1)
  Clock Path Skew:        2.086ns (DCD - SCD - CPR)
    Destination Clock Delay (DCD):    2.086ns
    Source Clock Delay      (SCD):    0.000ns
    Clock Pessimism Removal (CPR):    -0.000ns
  Timing Exception:       False Path

    Location             Delay type                Incr(ns)  Path(ns)    Netlist Resource(s)
  -------------------------------------------------------------------    -------------------
    T22                                               0.000     0.000 r  arst_n (IN)
                         net (fo=0)                   0.000     0.000    arst_n
    T22                  IBUF (Prop_ibuf_I_O)         0.195     0.195 r  arst_n_IBUF_inst/O
                         net (fo=1, routed)           0.499     0.694    FFsum2/arst_n_IBUF
    SLICE_X0Y104         LUT1 (Prop_lut1_I0_O)        0.045     0.739 f  FFsum2/q_i_1/O
                         net (fo=5, routed)           0.186     0.925    FFsum2/arst_n
    SLICE_X0Y104         FDCE                                         f  FFsum2/q_reg/CLR
  -------------------------------------------------------------------    -------------------

                         (clock sys_clk rise edge)    0.000     0.000 r  
    L22                                               0.000     0.000 r  clk (IN)
                         net (fo=0)                   0.000     0.000    clk
    L22                  IBUF (Prop_ibuf_I_O)         0.378     0.378 r  clk_IBUF_inst/O
                         net (fo=1, routed)           0.750     1.128    clk_IBUF
    BUFGCTRL_X0Y0        BUFG (Prop_bufg_I_O)         0.029     1.157 r  clk_IBUF_BUFG_inst/O
                         net (fo=5, routed)           0.929     2.086    FFsum2/clk_IBUF_BUFG
    SLICE_X0Y104         FDCE                                         r  FFsum2/q_reg/C





--------------------------------------------------------------------------------------
Path Group:  (none)
From Clock:  sys_clk
  To Clock:  

Max Delay             3 Endpoints
Min Delay             3 Endpoints
--------------------------------------------------------------------------------------


Max Delay Paths
--------------------------------------------------------------------------------------
Slack:                    inf
  Source:                 FFcarry/q_reg/C
                            (rising edge-triggered cell FDCE clocked by sys_clk  {rise@0.000ns fall@2.500ns period=5.000ns})
  Destination:            cout
                            (output port)
  Path Group:             (none)
  Path Type:              Max at Slow Process Corner
  Data Path Delay:        5.120ns  (logic 3.044ns (59.441%)  route 2.077ns (40.559%))
  Logic Levels:           2  (LUT3=1 OBUF=1)
  Clock Uncertainty:      0.025ns  ((TSJ^2 + TIJ^2)^1/2 + DJ) / 2 + PE
    Total System Jitter     (TSJ):    0.050ns
    Total Input Jitter      (TIJ):    0.000ns
    Discrete Jitter          (DJ):    0.000ns
    Phase Error              (PE):    0.000ns

    Location             Delay type                Incr(ns)  Path(ns)    Netlist Resource(s)
  -------------------------------------------------------------------    -------------------
                         (clock sys_clk rise edge)    0.000     0.000 r  
    L22                                               0.000     0.000 r  clk (IN)
                         net (fo=0)                   0.000     0.000    clk
    L22                  IBUF (Prop_ibuf_I_O)         0.893     0.893 r  clk_IBUF_inst/O
                         net (fo=1, routed)           1.827     2.720    clk_IBUF
    BUFGCTRL_X0Y0        BUFG (Prop_bufg_I_O)         0.081     2.801 r  clk_IBUF_BUFG_inst/O
                         net (fo=5, routed)           1.569     4.369    FFcarry/clk_IBUF_BUFG
    SLICE_X0Y104         FDCE                                         r  FFcarry/q_reg/C
  -------------------------------------------------------------------    -------------------
    SLICE_X0Y104         FDCE (Prop_fdce_C_Q)         0.379     4.748 r  FFcarry/q_reg/Q
                         net (fo=2, routed)           0.661     5.409    FA_1/cin
    SLICE_X0Y104         LUT3 (Prop_lut3_I0_O)        0.118     5.527 r  FA_1/cout/O
                         net (fo=1, routed)           1.416     6.943    cout_OBUF
    T24                  OBUF (Prop_obuf_I_O)         2.547     9.490 r  cout_OBUF_inst/O
                         net (fo=0)                   0.000     9.490    cout
    T24                                                               r  cout (OUT)
  -------------------------------------------------------------------    -------------------

Slack:                    inf
  Source:                 FFcarry/q_reg/C
                            (rising edge-triggered cell FDCE clocked by sys_clk  {rise@0.000ns fall@2.500ns period=5.000ns})
  Destination:            sum[1]
                            (output port)
  Path Group:             (none)
  Path Type:              Max at Slow Process Corner
  Data Path Delay:        4.957ns  (logic 2.870ns (57.902%)  route 2.087ns (42.098%))
  Logic Levels:           2  (LUT3=1 OBUF=1)
  Clock Uncertainty:      0.025ns  ((TSJ^2 + TIJ^2)^1/2 + DJ) / 2 + PE
    Total System Jitter     (TSJ):    0.050ns
    Total Input Jitter      (TIJ):    0.000ns
    Discrete Jitter          (DJ):    0.000ns
    Phase Error              (PE):    0.000ns

    Location             Delay type                Incr(ns)  Path(ns)    Netlist Resource(s)
  -------------------------------------------------------------------    -------------------
                         (clock sys_clk rise edge)    0.000     0.000 r  
    L22                                               0.000     0.000 r  clk (IN)
                         net (fo=0)                   0.000     0.000    clk
    L22                  IBUF (Prop_ibuf_I_O)         0.893     0.893 r  clk_IBUF_inst/O
                         net (fo=1, routed)           1.827     2.720    clk_IBUF
    BUFGCTRL_X0Y0        BUFG (Prop_bufg_I_O)         0.081     2.801 r  clk_IBUF_BUFG_inst/O
                         net (fo=5, routed)           1.569     4.369    FFcarry/clk_IBUF_BUFG
    SLICE_X0Y104         FDCE                                         r  FFcarry/q_reg/C
  -------------------------------------------------------------------    -------------------
    SLICE_X0Y104         FDCE (Prop_fdce_C_Q)         0.379     4.748 r  FFcarry/q_reg/Q
                         net (fo=2, routed)           0.661     5.409    FFcarry/cin
    SLICE_X0Y104         LUT3 (Prop_lut3_I0_O)        0.105     5.514 r  FFcarry/sum_OBUF[1]_inst_i_1/O
                         net (fo=1, routed)           1.426     6.940    sum_OBUF[1]
    T25                  OBUF (Prop_obuf_I_O)         2.386     9.327 r  sum_OBUF[1]_inst/O
                         net (fo=0)                   0.000     9.327    sum[1]
    T25                                                               r  sum[1] (OUT)
  -------------------------------------------------------------------    -------------------

Slack:                    inf
  Source:                 FFsum2/q_reg/C
                            (rising edge-triggered cell FDCE clocked by sys_clk  {rise@0.000ns fall@2.500ns period=5.000ns})
  Destination:            sum[0]
                            (output port)
  Path Group:             (none)
  Path Type:              Max at Slow Process Corner
  Data Path Delay:        4.395ns  (logic 2.886ns (65.673%)  route 1.509ns (34.327%))
  Logic Levels:           1  (OBUF=1)
  Clock Uncertainty:      0.025ns  ((TSJ^2 + TIJ^2)^1/2 + DJ) / 2 + PE
    Total System Jitter     (TSJ):    0.050ns
    Total Input Jitter      (TIJ):    0.000ns
    Discrete Jitter          (DJ):    0.000ns
    Phase Error              (PE):    0.000ns

    Location             Delay type                Incr(ns)  Path(ns)    Netlist Resource(s)
  -------------------------------------------------------------------    -------------------
                         (clock sys_clk rise edge)    0.000     0.000 r  
    L22                                               0.000     0.000 r  clk (IN)
                         net (fo=0)                   0.000     0.000    clk
    L22                  IBUF (Prop_ibuf_I_O)         0.893     0.893 r  clk_IBUF_inst/O
                         net (fo=1, routed)           1.827     2.720    clk_IBUF
    BUFGCTRL_X0Y0        BUFG (Prop_bufg_I_O)         0.081     2.801 r  clk_IBUF_BUFG_inst/O
                         net (fo=5, routed)           1.569     4.369    FFsum2/clk_IBUF_BUFG
    SLICE_X0Y104         FDCE                                         r  FFsum2/q_reg/C
  -------------------------------------------------------------------    -------------------
    SLICE_X0Y104         FDCE (Prop_fdce_C_Q)         0.348     4.717 r  FFsum2/q_reg/Q
                         net (fo=1, routed)           1.509     6.226    sum_OBUF[0]
    R26                  OBUF (Prop_obuf_I_O)         2.538     8.764 r  sum_OBUF[0]_inst/O
                         net (fo=0)                   0.000     8.764    sum[0]
    R26                                                               r  sum[0] (OUT)
  -------------------------------------------------------------------    -------------------





Min Delay Paths
--------------------------------------------------------------------------------------
Slack:                    inf
  Source:                 FFsum2/q_reg/C
                            (rising edge-triggered cell FDCE clocked by sys_clk  {rise@0.000ns fall@2.500ns period=5.000ns})
  Destination:            sum[0]
                            (output port)
  Path Group:             (none)
  Path Type:              Min at Fast Process Corner
  Data Path Delay:        1.730ns  (logic 1.355ns (78.343%)  route 0.375ns (21.657%))
  Logic Levels:           1  (OBUF=1)
  Clock Uncertainty:      0.025ns  ((TSJ^2 + TIJ^2)^1/2 + DJ) / 2 + PE
    Total System Jitter     (TSJ):    0.050ns
    Total Input Jitter      (TIJ):    0.000ns
    Discrete Jitter          (DJ):    0.000ns
    Phase Error              (PE):    0.000ns

    Location             Delay type                Incr(ns)  Path(ns)    Netlist Resource(s)
  -------------------------------------------------------------------    -------------------
                         (clock sys_clk rise edge)    0.000     0.000 r  
    L22                                               0.000     0.000 r  clk (IN)
                         net (fo=0)                   0.000     0.000    clk
    L22                  IBUF (Prop_ibuf_I_O)         0.190     0.190 r  clk_IBUF_inst/O
                         net (fo=1, routed)           0.690     0.880    clk_IBUF
    BUFGCTRL_X0Y0        BUFG (Prop_bufg_I_O)         0.026     0.906 r  clk_IBUF_BUFG_inst/O
                         net (fo=5, routed)           0.655     1.560    FFsum2/clk_IBUF_BUFG
    SLICE_X0Y104         FDCE                                         r  FFsum2/q_reg/C
  -------------------------------------------------------------------    -------------------
    SLICE_X0Y104         FDCE (Prop_fdce_C_Q)         0.128     1.688 r  FFsum2/q_reg/Q
                         net (fo=1, routed)           0.375     2.063    sum_OBUF[0]
    R26                  OBUF (Prop_obuf_I_O)         1.227     3.290 r  sum_OBUF[0]_inst/O
                         net (fo=0)                   0.000     3.290    sum[0]
    R26                                                               r  sum[0] (OUT)
  -------------------------------------------------------------------    -------------------

Slack:                    inf
  Source:                 FFb1/q_reg/C
                            (rising edge-triggered cell FDCE clocked by sys_clk  {rise@0.000ns fall@2.500ns period=5.000ns})
  Destination:            sum[1]
                            (output port)
  Path Group:             (none)
  Path Type:              Min at Fast Process Corner
  Data Path Delay:        1.873ns  (logic 1.384ns (73.863%)  route 0.490ns (26.137%))
  Logic Levels:           2  (LUT3=1 OBUF=1)
  Clock Uncertainty:      0.025ns  ((TSJ^2 + TIJ^2)^1/2 + DJ) / 2 + PE
    Total System Jitter     (TSJ):    0.050ns
    Total Input Jitter      (TIJ):    0.000ns
    Discrete Jitter          (DJ):    0.000ns
    Phase Error              (PE):    0.000ns

    Location             Delay type                Incr(ns)  Path(ns)    Netlist Resource(s)
  -------------------------------------------------------------------    -------------------
                         (clock sys_clk rise edge)    0.000     0.000 r  
    L22                                               0.000     0.000 r  clk (IN)
                         net (fo=0)                   0.000     0.000    clk
    L22                  IBUF (Prop_ibuf_I_O)         0.190     0.190 r  clk_IBUF_inst/O
                         net (fo=1, routed)           0.690     0.880    clk_IBUF
    BUFGCTRL_X0Y0        BUFG (Prop_bufg_I_O)         0.026     0.906 r  clk_IBUF_BUFG_inst/O
                         net (fo=5, routed)           0.655     1.560    FFb1/clk_IBUF_BUFG
    SLICE_X0Y104         FDCE                                         r  FFb1/q_reg/C
  -------------------------------------------------------------------    -------------------
    SLICE_X0Y104         FDCE (Prop_fdce_C_Q)         0.128     1.688 r  FFb1/q_reg/Q
                         net (fo=2, routed)           0.145     1.833    FFcarry/b
    SLICE_X0Y104         LUT3 (Prop_lut3_I2_O)        0.099     1.932 r  FFcarry/sum_OBUF[1]_inst_i_1/O
                         net (fo=1, routed)           0.345     2.277    sum_OBUF[1]
    T25                  OBUF (Prop_obuf_I_O)         1.157     3.434 r  sum_OBUF[1]_inst/O
                         net (fo=0)                   0.000     3.434    sum[1]
    T25                                                               r  sum[1] (OUT)
  -------------------------------------------------------------------    -------------------

Slack:                    inf
  Source:                 FFb1/q_reg/C
                            (rising edge-triggered cell FDCE clocked by sys_clk  {rise@0.000ns fall@2.500ns period=5.000ns})
  Destination:            cout
                            (output port)
  Path Group:             (none)
  Path Type:              Min at Fast Process Corner
  Data Path Delay:        1.938ns  (logic 1.446ns (74.596%)  route 0.492ns (25.404%))
  Logic Levels:           2  (LUT3=1 OBUF=1)
  Clock Uncertainty:      0.025ns  ((TSJ^2 + TIJ^2)^1/2 + DJ) / 2 + PE
    Total System Jitter     (TSJ):    0.050ns
    Total Input Jitter      (TIJ):    0.000ns
    Discrete Jitter          (DJ):    0.000ns
    Phase Error              (PE):    0.000ns

    Location             Delay type                Incr(ns)  Path(ns)    Netlist Resource(s)
  -------------------------------------------------------------------    -------------------
                         (clock sys_clk rise edge)    0.000     0.000 r  
    L22                                               0.000     0.000 r  clk (IN)
                         net (fo=0)                   0.000     0.000    clk
    L22                  IBUF (Prop_ibuf_I_O)         0.190     0.190 r  clk_IBUF_inst/O
                         net (fo=1, routed)           0.690     0.880    clk_IBUF
    BUFGCTRL_X0Y0        BUFG (Prop_bufg_I_O)         0.026     0.906 r  clk_IBUF_BUFG_inst/O
                         net (fo=5, routed)           0.655     1.560    FFb1/clk_IBUF_BUFG
    SLICE_X0Y104         FDCE                                         r  FFb1/q_reg/C
  -------------------------------------------------------------------    -------------------
    SLICE_X0Y104         FDCE (Prop_fdce_C_Q)         0.128     1.688 r  FFb1/q_reg/Q
                         net (fo=2, routed)           0.145     1.833    FA_1/b
    SLICE_X0Y104         LUT3 (Prop_lut3_I1_O)        0.099     1.932 r  FA_1/cout/O
                         net (fo=1, routed)           0.348     2.280    cout_OBUF
    T24                  OBUF (Prop_obuf_I_O)         1.219     3.498 r  cout_OBUF_inst/O
                         net (fo=0)                   0.000     3.498    cout
    T24                                                               r  cout (OUT)
  -------------------------------------------------------------------    -------------------





